{"_type":"export","__export_format":4,"__export_date":"2024-03-12T14:54:05.200Z","__export_source":"insomnia.desktop.app:v8.6.1","resources":[{"_id":"req_e6fd6bd25df9422da59b39220dd9dad6","parentId":"fld_ead5f860028b4112b1dc00be2ed2bb13","modified":1710255006203,"created":1710254218750,"url":"http://localhost:3000/api/books","name":"Create empty book","description":"","method":"POST","body":{"mimeType":"application/json","text":""},"parameters":[],"headers":[{"name":"Content-Type","value":"application/json"},{"name":"User-Agent","value":"insomnia/8.6.1"}],"authentication":{"type":"bearer","token":"eyJhbGciOiJIUzI1NiIsInR5cCI6IkpXVCJ9.eyJ1c2VySWQiOjEsImlhdCI6MTcxMDI0NDMxNCwiZXhwIjoxNzQxODAxOTE0fQ.-pXDk9W5yDdpirheK-9lhZtjXDkcAEj_EYyVWR9Z1L4","disabled":false},"metaSortKey":-1710254225213,"isPrivate":false,"pathParameters":[],"settingStoreCookies":true,"settingSendCookies":true,"settingDisableRenderRequestBody":false,"settingEncodeUrl":true,"settingRebuildPath":true,"settingFollowRedirects":"global","_type":"request"},{"_id":"fld_ead5f860028b4112b1dc00be2ed2bb13","parentId":"fld_89123e5cc0cd4e4bbd7d4fdd82098c05","modified":1710253980835,"created":1710253980835,"name":"books","description":"","environment":{},"environmentPropertyOrder":null,"metaSortKey":-1710253980835,"_type":"request_group"},{"_id":"fld_89123e5cc0cd4e4bbd7d4fdd82098c05","parentId":"wrk_scratchpad","modified":1710252988409,"created":1710252988409,"name":"error","description":"","environment":{},"environmentPropertyOrder":null,"metaSortKey":-1710252988409,"_type":"request_group"},{"_id":"wrk_scratchpad","parentId":null,"modified":1709364997347,"created":1709364997347,"name":"Scratch Pad","description":"","scope":"collection","_type":"workspace"},{"_id":"req_75ab6d4d5a4240cea1a3a76fce4db088","parentId":"fld_ead5f860028b4112b1dc00be2ed2bb13","modified":1710255015847,"created":1710254286537,"url":"http://localhost:3000/api/books/0","name":"delete book that doesn't exist","description":"","method":"DELETE","body":{},"parameters":[],"headers":[{"name":"User-Agent","value":"insomnia/8.6.1"}],"authentication":{"type":"bearer","token":"eyJhbGciOiJIUzI1NiIsInR5cCI6IkpXVCJ9.eyJ1c2VySWQiOjEsImlhdCI6MTcxMDI0NDMxNCwiZXhwIjoxNzQxODAxOTE0fQ.-pXDk9W5yDdpirheK-9lhZtjXDkcAEj_EYyVWR9Z1L4","disabled":false},"metaSortKey":-1710254225163,"isPrivate":false,"pathParameters":[],"settingStoreCookies":true,"settingSendCookies":true,"settingDisableRenderRequestBody":false,"settingEncodeUrl":true,"settingRebuildPath":true,"settingFollowRedirects":"global","_type":"request"},{"_id":"req_2e40a4cd88b149989f9902cdf6311076","parentId":"fld_ead5f860028b4112b1dc00be2ed2bb13","modified":1710254979917,"created":1710254430595,"url":"http://localhost:3000/api/books/?title=.","name":"find book by title research too short","description":"","method":"GET","body":{},"parameters":[],"headers":[{"name":"User-Agent","value":"insomnia/8.6.1"}],"authentication":{"type":"bearer","token":"eyJhbGciOiJIUzI1NiIsInR5cCI6IkpXVCJ9.eyJ1c2VySWQiOjEsImlhdCI6MTcxMDI0NDMxNCwiZXhwIjoxNzQxODAxOTE0fQ.-pXDk9W5yDdpirheK-9lhZtjXDkcAEj_EYyVWR9Z1L4"},"metaSortKey":-1710254225138,"isPrivate":false,"pathParameters":[],"settingStoreCookies":true,"settingSendCookies":true,"settingDisableRenderRequestBody":false,"settingEncodeUrl":true,"settingRebuildPath":true,"settingFollowRedirects":"global","_type":"request"},{"_id":"req_ac5669c577ee4fdfb35d860cde089f0b","parentId":"fld_ead5f860028b4112b1dc00be2ed2bb13","modified":1710254969609,"created":1710254571888,"url":"http://localhost:3000/api/categories/0/books","name":"find book by category category doesn't exist","description":"","method":"GET","body":{},"parameters":[],"headers":[{"name":"User-Agent","value":"insomnia/8.6.1"}],"authentication":{"type":"bearer","token":"eyJhbGciOiJIUzI1NiIsInR5cCI6IkpXVCJ9.eyJ1c2VySWQiOjEsImlhdCI6MTcxMDI0NDMxNCwiZXhwIjoxNzQxODAxOTE0fQ.-pXDk9W5yDdpirheK-9lhZtjXDkcAEj_EYyVWR9Z1L4"},"metaSortKey":-1710254225125.5,"isPrivate":false,"pathParameters":[],"settingStoreCookies":true,"settingSendCookies":true,"settingDisableRenderRequestBody":false,"settingEncodeUrl":true,"settingRebuildPath":true,"settingFollowRedirects":"global","_type":"request"},{"_id":"req_43ef41c60cad44e3af9a1eb56bf69eb0","parentId":"fld_ead5f860028b4112b1dc00be2ed2bb13","modified":1710254961483,"created":1710254844551,"url":"http://localhost:3000/api/books/0","name":"find book by id book doesn't exist","description":"","method":"GET","body":{},"parameters":[],"headers":[{"name":"User-Agent","value":"insomnia/8.6.1"}],"authentication":{"type":"bearer","token":"eyJhbGciOiJIUzI1NiIsInR5cCI6IkpXVCJ9.eyJ1c2VySWQiOjEsImlhdCI6MTcxMDI0NDMxNCwiZXhwIjoxNzQxODAxOTE0fQ.-pXDk9W5yDdpirheK-9lhZtjXDkcAEj_EYyVWR9Z1L4"},"metaSortKey":-1710254225119.25,"isPrivate":false,"pathParameters":[],"settingStoreCookies":true,"settingSendCookies":true,"settingDisableRenderRequestBody":false,"settingEncodeUrl":true,"settingRebuildPath":true,"settingFollowRedirects":"global","_type":"request"},{"_id":"req_3cb871be892c401581573af0799a1fe8","parentId":"fld_ead5f860028b4112b1dc00be2ed2bb13","modified":1710255060789,"created":1710255052547,"url":"http://localhost:3000/api/books/0","name":"Update book that doesn't exist","description":"","method":"PUT","body":{"mimeType":"application/json","text":"{\n\t\"title\": \"coucou\"\n}"},"parameters":[],"headers":[{"name":"Content-Type","value":"application/json"},{"name":"User-Agent","value":"insomnia/8.6.1"}],"authentication":{"type":"bearer","token":"eyJhbGciOiJIUzI1NiIsInR5cCI6IkpXVCJ9.eyJ1c2VySWQiOjEsImlhdCI6MTcxMDI0NDMxNCwiZXhwIjoxNzQxODAxOTE0fQ.-pXDk9W5yDdpirheK-9lhZtjXDkcAEj_EYyVWR9Z1L4","disabled":false},"metaSortKey":-1710254225116.125,"isPrivate":false,"pathParameters":[],"settingStoreCookies":true,"settingSendCookies":true,"settingDisableRenderRequestBody":false,"settingEncodeUrl":true,"settingRebuildPath":true,"settingFollowRedirects":"global","_type":"request"},{"_id":"req_866681ad72334e168517c92eed4d0db5","parentId":"fld_ead5f860028b4112b1dc00be2ed2bb13","modified":1710254934761,"created":1710254253566,"url":"http://localhost:3000/api/books","name":"add book no authorization token","description":"","method":"POST","body":{"mimeType":"application/json","text":"{\n\t\"title\": \"testCreate\",\n\t\"numberPages\": 500,\n\t\"excerpt\": \"Lorem Ipsum\",\n\t\"summary\": \"Lorem\",\n\t\"writer\": \"Michel Duvois\",\n\t\"editor\": \"aaaaaaaaaa\",\n\t\"releaseYear\": 2024,\n\t\"avgRating\": 4.2,\n\t\"coverImage\": \"ghsrighsrgs.com\",\n\t\"fk_user\": 1,\n\t\"fk_category\": 1\n}"},"parameters":[],"headers":[{"name":"Content-Type","value":"application/json"},{"name":"User-Agent","value":"insomnia/8.6.1"}],"authentication":{"type":"bearer","token":"eyJhbGciOiJIUzI1NiIsInR5cCI6IkpXVCJ9.eyJ1c2VySWQiOjEsImlhdCI6MTcxMDI0NDMxNCwiZXhwIjoxNzQxODAxOTE0fQ.-pXDk9W5yDdpirheK-9lhZtjXDkcAEj_EYyVWR9Z1L4","disabled":false},"metaSortKey":-1710254225113,"isPrivate":false,"pathParameters":[],"settingStoreCookies":true,"settingSendCookies":true,"settingDisableRenderRequestBody":false,"settingEncodeUrl":true,"settingRebuildPath":true,"settingFollowRedirects":"global","_type":"request"},{"_id":"req_b87c1a4ccae54d0ea85d2f7f57c4c59f","parentId":"fld_ead5f860028b4112b1dc00be2ed2bb13","modified":1710254928456,"created":1710254305787,"url":"http://localhost:3000/api/books/1","name":"delete book no authorization token","description":"","method":"DELETE","body":{},"parameters":[],"headers":[{"name":"User-Agent","value":"insomnia/8.6.1"}],"authentication":{},"metaSortKey":-1710254225013,"isPrivate":false,"pathParameters":[],"settingStoreCookies":true,"settingSendCookies":true,"settingDisableRenderRequestBody":false,"settingEncodeUrl":true,"settingRebuildPath":true,"settingFollowRedirects":"global","_type":"request"},{"_id":"req_286ee35d61614f53888c442801a9cb76","parentId":"fld_ead5f860028b4112b1dc00be2ed2bb13","modified":1710254920875,"created":1710254361194,"url":"http://localhost:3000/api/books","name":"find all books no authorization token","description":"","method":"GET","body":{},"parameters":[],"headers":[{"name":"User-Agent","value":"insomnia/8.6.1"}],"authentication":{},"metaSortKey":-1710254224913,"isPrivate":false,"pathParameters":[],"settingStoreCookies":true,"settingSendCookies":true,"settingDisableRenderRequestBody":false,"settingEncodeUrl":true,"settingRebuildPath":true,"settingFollowRedirects":"global","_type":"request"},{"_id":"req_90425f4e44c244a6b2f75dde1e53a652","parentId":"fld_ead5f860028b4112b1dc00be2ed2bb13","modified":1710254912734,"created":1710254691712,"url":"http://localhost:3000/api/categories/0/books","name":"find book by category no authorization token","description":"","method":"GET","body":{},"parameters":[],"headers":[{"name":"User-Agent","value":"insomnia/8.6.1"}],"authentication":{},"metaSortKey":-1710254224813,"isPrivate":false,"pathParameters":[],"settingStoreCookies":true,"settingSendCookies":true,"settingDisableRenderRequestBody":false,"settingEncodeUrl":true,"settingRebuildPath":true,"settingFollowRedirects":"global","_type":"request"},{"_id":"req_4a3f5d6da89c4a11925f35dd795ad5ac","parentId":"fld_ead5f860028b4112b1dc00be2ed2bb13","modified":1710254901273,"created":1710254871178,"url":"http://localhost:3000/api/books/0","name":"find book by id no authorization token","description":"","method":"GET","body":{},"parameters":[],"headers":[{"name":"User-Agent","value":"insomnia/8.6.1"}],"authentication":{"type":"bearer","token":"eyJhbGciOiJIUzI1NiIsInR5cCI6IkpXVCJ9.eyJ1c2VySWQiOjEsImlhdCI6MTcxMDI0NDMxNCwiZXhwIjoxNzQxODAxOTE0fQ.-pXDk9W5yDdpirheK-9lhZtjXDkcAEj_EYyVWR9Z1L4"},"metaSortKey":-1710254224713,"isPrivate":false,"pathParameters":[],"settingStoreCookies":true,"settingSendCookies":true,"settingDisableRenderRequestBody":false,"settingEncodeUrl":true,"settingRebuildPath":true,"settingFollowRedirects":"global","_type":"request"},{"_id":"req_7a812efbdf174384adb4f0dd824038ef","parentId":"fld_ead5f860028b4112b1dc00be2ed2bb13","modified":1710255081014,"created":1710255074959,"url":"http://localhost:3000/api/books/0","name":"Update book no authorization token","description":"","method":"PUT","body":{"mimeType":"application/json","text":"{\n\t\"title\": \"coucou\"\n}"},"parameters":[],"headers":[{"name":"Content-Type","value":"application/json"},{"name":"User-Agent","value":"insomnia/8.6.1"}],"authentication":{"type":"bearer","token":"eyJhbGciOiJIUzI1NiIsInR5cCI6IkpXVCJ9.eyJ1c2VySWQiOjEsImlhdCI6MTcxMDI0NDMxNCwiZXhwIjoxNzQxODAxOTE0fQ.-pXDk9W5yDdpirheK-9lhZtjXDkcAEj_EYyVWR9Z1L4","disabled":false},"metaSortKey":-1710254224613,"isPrivate":false,"pathParameters":[],"settingStoreCookies":true,"settingSendCookies":true,"settingDisableRenderRequestBody":false,"settingEncodeUrl":true,"settingRebuildPath":true,"settingFollowRedirects":"global","_type":"request"},{"_id":"req_9ef9ed82c67845849ced28345a82bebc","parentId":"fld_fdb3bc4d07dd499fa279992d30b868a5","modified":1710255115783,"created":1710253134078,"url":"http://localhost:3000/api/categories/0","name":"delete category that doesn't exist","description":"","method":"DELETE","body":{},"parameters":[],"headers":[{"name":"User-Agent","value":"insomnia/8.6.1"}],"authentication":{"type":"bearer","token":"eyJhbGciOiJIUzI1NiIsInR5cCI6IkpXVCJ9.eyJ1c2VySWQiOjEsImlhdCI6MTcxMDI0NDMxNCwiZXhwIjoxNzQxODAxOTE0fQ.-pXDk9W5yDdpirheK-9lhZtjXDkcAEj_EYyVWR9Z1L4"},"metaSortKey":-1710253134078,"isPrivate":false,"pathParameters":[],"settingStoreCookies":true,"settingSendCookies":true,"settingDisableRenderRequestBody":false,"settingEncodeUrl":true,"settingRebuildPath":true,"settingFollowRedirects":"global","_type":"request"},{"_id":"fld_fdb3bc4d07dd499fa279992d30b868a5","parentId":"fld_89123e5cc0cd4e4bbd7d4fdd82098c05","modified":1710253128233,"created":1710253128233,"name":"categories","description":"","environment":{},"environmentPropertyOrder":null,"metaSortKey":-1710253128233,"_type":"request_group"},{"_id":"req_dc6d5d5edf1248a480a4d61f76576d37","parentId":"fld_fdb3bc4d07dd499fa279992d30b868a5","modified":1710255133582,"created":1710253439095,"url":"http://localhost:3000/api/categories/1","name":"find category by id that doesn't exist","description":"","method":"GET","body":{},"parameters":[],"headers":[{"name":"User-Agent","value":"insomnia/8.6.1"}],"authentication":{"type":"bearer","token":"eyJhbGciOiJIUzI1NiIsInR5cCI6IkpXVCJ9.eyJ1c2VySWQiOjEsImlhdCI6MTcxMDI0NDMxNCwiZXhwIjoxNzQxODAxOTE0fQ.-pXDk9W5yDdpirheK-9lhZtjXDkcAEj_EYyVWR9Z1L4","disabled":false},"metaSortKey":-1710253062389.5,"isPrivate":false,"pathParameters":[],"settingStoreCookies":true,"settingSendCookies":true,"settingDisableRenderRequestBody":false,"settingEncodeUrl":true,"settingRebuildPath":true,"settingFollowRedirects":"global","_type":"request"},{"_id":"req_6137dce57e354a7a856a67f0e317e8e0","parentId":"fld_fdb3bc4d07dd499fa279992d30b868a5","modified":1710255142559,"created":1710253910320,"url":"http://localhost:3000/api/categories/0","name":"update category that doesn't exist","description":"","method":"PUT","body":{"mimeType":"application/json","text":"{\n\t\"name\": \"CategoryUpdate\"\n}"},"parameters":[],"headers":[{"name":"Content-Type","value":"application/json"},{"name":"User-Agent","value":"insomnia/8.6.1"}],"authentication":{"type":"bearer","token":"eyJhbGciOiJIUzI1NiIsInR5cCI6IkpXVCJ9.eyJ1c2VySWQiOjEsImlhdCI6MTcxMDI0NDMxNCwiZXhwIjoxNzQxODAxOTE0fQ.-pXDk9W5yDdpirheK-9lhZtjXDkcAEj_EYyVWR9Z1L4"},"metaSortKey":-1710253062364.5,"isPrivate":false,"pathParameters":[],"settingStoreCookies":true,"settingSendCookies":true,"settingDisableRenderRequestBody":false,"settingEncodeUrl":true,"settingRebuildPath":true,"settingFollowRedirects":"global","_type":"request"},{"_id":"req_7134d612ba4740389e8333d3f08c2f25","parentId":"fld_fdb3bc4d07dd499fa279992d30b868a5","modified":1710255151515,"created":1710254168149,"url":"http://localhost:3000/api/categories","name":"create empty category","description":"","method":"POST","body":{"mimeType":"application/json","text":""},"parameters":[],"headers":[{"name":"Content-Type","value":"application/json"},{"name":"User-Agent","value":"insomnia/8.6.1"}],"authentication":{"type":"bearer","token":"eyJhbGciOiJIUzI1NiIsInR5cCI6IkpXVCJ9.eyJ1c2VySWQiOjEsImlhdCI6MTcxMDI0NDMxNCwiZXhwIjoxNzQxODAxOTE0fQ.-pXDk9W5yDdpirheK-9lhZtjXDkcAEj_EYyVWR9Z1L4"},"metaSortKey":-1710253062352,"isPrivate":false,"pathParameters":[],"settingStoreCookies":true,"settingSendCookies":true,"settingDisableRenderRequestBody":false,"settingEncodeUrl":true,"settingRebuildPath":true,"settingFollowRedirects":"global","_type":"request"},{"_id":"req_df7dabecf56e4ace8ed4491f1abebbb0","parentId":"fld_fdb3bc4d07dd499fa279992d30b868a5","modified":1710255158998,"created":1710253479186,"url":"http://localhost:3000/api/categories","name":"create category no authentication token","description":"","method":"POST","body":{"mimeType":"application/json","text":"{\n\t\"name\": \"CategoryOne\"\n}"},"parameters":[],"headers":[{"name":"Content-Type","value":"application/json"},{"name":"User-Agent","value":"insomnia/8.6.1"}],"authentication":{"type":"bearer","token":""},"metaSortKey":-1710253062339.5,"isPrivate":false,"pathParameters":[],"settingStoreCookies":true,"settingSendCookies":true,"settingDisableRenderRequestBody":false,"settingEncodeUrl":true,"settingRebuildPath":true,"settingFollowRedirects":"global","_type":"request"},{"_id":"req_27b273e4c547492c902d7441c4d1223c","parentId":"fld_fdb3bc4d07dd499fa279992d30b868a5","modified":1710255164651,"created":1710253373447,"url":"http://localhost:3000/api/categories/1","name":"delete category no authentication token","description":"","method":"DELETE","body":{},"parameters":[],"headers":[{"name":"User-Agent","value":"insomnia/8.6.1"}],"authentication":{},"metaSortKey":-1710253062289.5,"isPrivate":false,"pathParameters":[],"settingStoreCookies":true,"settingSendCookies":true,"settingDisableRenderRequestBody":false,"settingEncodeUrl":true,"settingRebuildPath":true,"settingFollowRedirects":"global","_type":"request"},{"_id":"req_6a09fad0e15f40f58d569c94941ba61b","parentId":"fld_fdb3bc4d07dd499fa279992d30b868a5","modified":1710255196577,"created":1710253522117,"url":"http://localhost:3000/api/categories","name":"get all category no authorization token","description":"","method":"GET","body":{},"parameters":[],"headers":[{"name":"User-Agent","value":"insomnia/8.6.1"}],"authentication":{"type":"bearer","token":"eyJhbGciOiJIUzI1NiIsInR5cCI6IkpXVCJ9.eyJ1c2VySWQiOjEsImlhdCI6MTcxMDI0NDMxNCwiZXhwIjoxNzQxODAxOTE0fQ.-pXDk9W5yDdpirheK-9lhZtjXDkcAEj_EYyVWR9Z1L4","disabled":false},"metaSortKey":-1710253062189.5,"isPrivate":false,"pathParameters":[],"settingStoreCookies":true,"settingSendCookies":true,"settingDisableRenderRequestBody":false,"settingEncodeUrl":true,"settingRebuildPath":true,"settingFollowRedirects":"global","_type":"request"},{"_id":"req_0eb3eac06193498dafc50104f7c9fbf4","parentId":"fld_fdb3bc4d07dd499fa279992d30b868a5","modified":1710255205189,"created":1710253542200,"url":"http://localhost:3000/api/categories/1","name":"get all category by id no authorization token","description":"","method":"GET","body":{},"parameters":[],"headers":[{"name":"User-Agent","value":"insomnia/8.6.1"}],"authentication":{"type":"bearer","token":"eyJhbGciOiJIUzI1NiIsInR5cCI6IkpXVCJ9.eyJ1c2VySWQiOjEsImlhdCI6MTcxMDI0NDMxNCwiZXhwIjoxNzQxODAxOTE0fQ.-pXDk9W5yDdpirheK-9lhZtjXDkcAEj_EYyVWR9Z1L4","disabled":false},"metaSortKey":-1710253062089.5,"isPrivate":false,"pathParameters":[],"settingStoreCookies":true,"settingSendCookies":true,"settingDisableRenderRequestBody":false,"settingEncodeUrl":true,"settingRebuildPath":true,"settingFollowRedirects":"global","_type":"request"},{"_id":"req_93c63030fbc747458bd30f8418af86a8","parentId":"fld_fdb3bc4d07dd499fa279992d30b868a5","modified":1710255214151,"created":1710253731003,"url":"http://localhost:3000/api/categories/1","name":"update category by id no authorization token","description":"","method":"PUT","body":{"mimeType":"application/json","text":"{\n\t\"name\": \"CategoryUpdate\"\n}"},"parameters":[],"headers":[{"name":"Content-Type","value":"application/json"},{"name":"User-Agent","value":"insomnia/8.6.1"}],"authentication":{"type":"bearer","token":""},"metaSortKey":-1710253061989.5,"isPrivate":false,"pathParameters":[],"settingStoreCookies":true,"settingSendCookies":true,"settingDisableRenderRequestBody":false,"settingEncodeUrl":true,"settingRebuildPath":true,"settingFollowRedirects":"global","_type":"request"},{"_id":"req_d18ee525a3f148eb8ec92d9122962265","parentId":"fld_89123e5cc0cd4e4bbd7d4fdd82098c05","modified":1710253015961,"created":1710252990901,"url":"http://localhost:3000/api/somewhere","name":"404","description":"","method":"GET","body":{},"parameters":[],"headers":[{"name":"User-Agent","value":"insomnia/8.6.1"}],"authentication":{},"metaSortKey":-1710252990901,"isPrivate":false,"pathParameters":[],"settingStoreCookies":true,"settingSendCookies":true,"settingDisableRenderRequestBody":false,"settingEncodeUrl":true,"settingRebuildPath":true,"settingFollowRedirects":"global","_type":"request"},{"_id":"req_861fac6a1cd34a8c869620049bd02544","parentId":"fld_b24f142c74464e45aecfa0a8d19b8ce0","modified":1710247506694,"created":1709653086983,"url":"http://localhost:3000/api/categories/1","name":"update category","description":"","method":"PUT","body":{"mimeType":"application/json","text":"{\n\t\"name\": \"CategoryUpdate\"\n}"},"parameters":[],"headers":[{"name":"Content-Type","value":"application/json"},{"name":"User-Agent","value":"insomnia/8.6.1"}],"authentication":{"type":"bearer","token":"eyJhbGciOiJIUzI1NiIsInR5cCI6IkpXVCJ9.eyJ1c2VySWQiOjEsImlhdCI6MTcxMDI0NDMxNCwiZXhwIjoxNzQxODAxOTE0fQ.-pXDk9W5yDdpirheK-9lhZtjXDkcAEj_EYyVWR9Z1L4"},"metaSortKey":-1710247442507,"isPrivate":false,"pathParameters":[],"settingStoreCookies":true,"settingSendCookies":true,"settingDisableRenderRequestBody":false,"settingEncodeUrl":true,"settingRebuildPath":true,"settingFollowRedirects":"global","_type":"request"},{"_id":"fld_b24f142c74464e45aecfa0a8d19b8ce0","parentId":"wrk_scratchpad","modified":1710247429688,"created":1710247429688,"name":"Categories","description":"","environment":{},"environmentPropertyOrder":null,"metaSortKey":-1710247429688,"_type":"request_group"},{"_id":"req_31584601046344db9ecf62f2323f8a61","parentId":"fld_b24f142c74464e45aecfa0a8d19b8ce0","modified":1710247485850,"created":1709653063650,"url":"http://localhost:3000/api/categories/1","name":"Delete category","description":"","method":"DELETE","body":{},"parameters":[],"headers":[{"name":"User-Agent","value":"insomnia/8.6.1"}],"authentication":{"type":"bearer","token":"eyJhbGciOiJIUzI1NiIsInR5cCI6IkpXVCJ9.eyJ1c2VySWQiOjEsImlhdCI6MTcxMDI0NDMxNCwiZXhwIjoxNzQxODAxOTE0fQ.-pXDk9W5yDdpirheK-9lhZtjXDkcAEj_EYyVWR9Z1L4"},"metaSortKey":-1710247442407,"isPrivate":false,"pathParameters":[],"settingStoreCookies":true,"settingSendCookies":true,"settingDisableRenderRequestBody":false,"settingEncodeUrl":true,"settingRebuildPath":true,"settingFollowRedirects":"global","_type":"request"},{"_id":"req_6957b3db5e054b8c9e436c6bc7947fc6","parentId":"fld_b24f142c74464e45aecfa0a8d19b8ce0","modified":1710247480163,"created":1709653041203,"url":"http://localhost:3000/api/categories","name":"Create category","description":"","method":"POST","body":{"mimeType":"application/json","text":"{\n\t\"name\": \"CategoryOne\"\n}"},"parameters":[],"headers":[{"name":"Content-Type","value":"application/json"},{"name":"User-Agent","value":"insomnia/8.6.1"}],"authentication":{"type":"bearer","token":"eyJhbGciOiJIUzI1NiIsInR5cCI6IkpXVCJ9.eyJ1c2VySWQiOjEsImlhdCI6MTcxMDI0NDMxNCwiZXhwIjoxNzQxODAxOTE0fQ.-pXDk9W5yDdpirheK-9lhZtjXDkcAEj_EYyVWR9Z1L4"},"metaSortKey":-1710247442307,"isPrivate":false,"pathParameters":[],"settingStoreCookies":true,"settingSendCookies":true,"settingDisableRenderRequestBody":false,"settingEncodeUrl":true,"settingRebuildPath":true,"settingFollowRedirects":"global","_type":"request"},{"_id":"req_bf25d77d8f9e4bb6a90ecb7d4f38297a","parentId":"fld_b24f142c74464e45aecfa0a8d19b8ce0","modified":1710247442245,"created":1709652995313,"url":"http://localhost:3000/api/categories","name":"Get categories","description":"","method":"GET","body":{},"parameters":[],"headers":[{"name":"User-Agent","value":"insomnia/8.6.1"}],"authentication":{"type":"bearer","token":"eyJhbGciOiJIUzI1NiIsInR5cCI6IkpXVCJ9.eyJ1c2VySWQiOjEsImlhdCI6MTcxMDI0NDMxNCwiZXhwIjoxNzQxODAxOTE0fQ.-pXDk9W5yDdpirheK-9lhZtjXDkcAEj_EYyVWR9Z1L4","disabled":false},"metaSortKey":-1710247442207,"isPrivate":false,"pathParameters":[],"settingStoreCookies":true,"settingSendCookies":true,"settingDisableRenderRequestBody":false,"settingEncodeUrl":true,"settingRebuildPath":true,"settingFollowRedirects":"global","_type":"request"},{"_id":"req_46c750785a40490fbbd4acdfddecd59d","parentId":"fld_b24f142c74464e45aecfa0a8d19b8ce0","modified":1710247467648,"created":1710247460251,"url":"http://localhost:3000/api/categories/1","name":"Get category by ID","description":"","method":"GET","body":{},"parameters":[],"headers":[{"name":"User-Agent","value":"insomnia/8.6.1"}],"authentication":{"type":"bearer","token":"eyJhbGciOiJIUzI1NiIsInR5cCI6IkpXVCJ9.eyJ1c2VySWQiOjEsImlhdCI6MTcxMDI0NDMxNCwiZXhwIjoxNzQxODAxOTE0fQ.-pXDk9W5yDdpirheK-9lhZtjXDkcAEj_EYyVWR9Z1L4","disabled":false},"metaSortKey":-1710247388309,"isPrivate":false,"pathParameters":[],"settingStoreCookies":true,"settingSendCookies":true,"settingDisableRenderRequestBody":false,"settingEncodeUrl":true,"settingRebuildPath":true,"settingFollowRedirects":"global","_type":"request"},{"_id":"req_c2c2f6cc922b4328bbefc32db8848f57","parentId":"fld_04ef4a49b4274855b53baed4a470a1f9","modified":1710247417604,"created":1709546292035,"url":"http://localhost:3000/api/books/1","name":"Delete books","description":"","method":"DELETE","body":{},"parameters":[],"headers":[{"name":"User-Agent","value":"insomnia/8.6.1"}],"authentication":{"type":"bearer","token":"eyJhbGciOiJIUzI1NiIsInR5cCI6IkpXVCJ9.eyJ1c2VySWQiOjEsImlhdCI6MTcxMDI0NDMxNCwiZXhwIjoxNzQxODAxOTE0fQ.-pXDk9W5yDdpirheK-9lhZtjXDkcAEj_EYyVWR9Z1L4","disabled":false},"metaSortKey":-1710247334411,"isPrivate":false,"pathParameters":[],"settingStoreCookies":true,"settingSendCookies":true,"settingDisableRenderRequestBody":false,"settingEncodeUrl":true,"settingRebuildPath":true,"settingFollowRedirects":"global","_type":"request"},{"_id":"fld_04ef4a49b4274855b53baed4a470a1f9","parentId":"wrk_scratchpad","modified":1710247364378,"created":1710247319346,"name":"Books","description":"","environment":{},"environmentPropertyOrder":null,"metaSortKey":-1710247319458.5,"_type":"request_group"},{"_id":"req_721e73c510364e85b2b027299d89ac19","parentId":"fld_04ef4a49b4274855b53baed4a470a1f9","modified":1710247414801,"created":1709537430941,"url":"http://localhost:3000/api/books","name":"Create Books","description":"","method":"POST","body":{"mimeType":"application/json","text":"{\n\t\"title\": \"testCreate\",\n\t\"numberPages\": 500,\n\t\"excerpt\": \"Lorem Ipsum\",\n\t\"summary\": \"Lorem\",\n\t\"writer\": \"Michel Duvois\",\n\t\"editor\": \"aaaaaaaaaa\",\n\t\"releaseYear\": 2024,\n\t\"avgRating\": 4.2,\n\t\"coverImage\": \"ghsrighsrgs.com\",\n\t\"fk_user\": 1,\n\t\"fk_category\": 1\n}"},"parameters":[],"headers":[{"name":"Content-Type","value":"application/json"},{"name":"User-Agent","value":"insomnia/8.6.1"}],"authentication":{"type":"bearer","token":"eyJhbGciOiJIUzI1NiIsInR5cCI6IkpXVCJ9.eyJ1c2VySWQiOjEsImlhdCI6MTcxMDI0NDMxNCwiZXhwIjoxNzQxODAxOTE0fQ.-pXDk9W5yDdpirheK-9lhZtjXDkcAEj_EYyVWR9Z1L4","disabled":false},"metaSortKey":-1710247334311,"isPrivate":false,"pathParameters":[],"settingStoreCookies":true,"settingSendCookies":true,"settingDisableRenderRequestBody":false,"settingEncodeUrl":true,"settingRebuildPath":true,"settingFollowRedirects":"global","_type":"request"},{"_id":"req_c0bcfda61d644ecdb9bb75e25dc54470","parentId":"fld_04ef4a49b4274855b53baed4a470a1f9","modified":1710255063738,"created":1709546769603,"url":"http://localhost:3000/api/books/1","name":"Update books","description":"","method":"PUT","body":{"mimeType":"application/json","text":"{\n\t\"title\": \"coucou\"\n}"},"parameters":[],"headers":[{"name":"Content-Type","value":"application/json"},{"name":"User-Agent","value":"insomnia/8.6.1"}],"authentication":{"type":"bearer","token":"eyJhbGciOiJIUzI1NiIsInR5cCI6IkpXVCJ9.eyJ1c2VySWQiOjEsImlhdCI6MTcxMDI0NDMxNCwiZXhwIjoxNzQxODAxOTE0fQ.-pXDk9W5yDdpirheK-9lhZtjXDkcAEj_EYyVWR9Z1L4","disabled":false},"metaSortKey":-1710247334211,"isPrivate":false,"pathParameters":[],"settingStoreCookies":true,"settingSendCookies":true,"settingDisableRenderRequestBody":false,"settingEncodeUrl":true,"settingRebuildPath":true,"settingFollowRedirects":"global","_type":"request"},{"_id":"req_0f7271d32e514c21a301e62cd906ccd0","parentId":"fld_04ef4a49b4274855b53baed4a470a1f9","modified":1710252976674,"created":1710246956043,"url":"http://localhost:3000/api/categories/1/books","name":"Get books by category","description":"","method":"GET","body":{},"parameters":[],"headers":[{"name":"User-Agent","value":"insomnia/8.6.1"}],"authentication":{"type":"bearer","token":"eyJhbGciOiJIUzI1NiIsInR5cCI6IkpXVCJ9.eyJ1c2VySWQiOjEsImlhdCI6MTcxMDI0NDMxNCwiZXhwIjoxNzQxODAxOTE0fQ.-pXDk9W5yDdpirheK-9lhZtjXDkcAEj_EYyVWR9Z1L4"},"metaSortKey":-1710247334111,"isPrivate":false,"pathParameters":[],"settingStoreCookies":true,"settingSendCookies":true,"settingDisableRenderRequestBody":false,"settingEncodeUrl":true,"settingRebuildPath":true,"settingFollowRedirects":"global","_type":"request"},{"_id":"req_4c0277b835cf4ed39ca2b5b8c4e07ad9","parentId":"fld_04ef4a49b4274855b53baed4a470a1f9","modified":1710247534274,"created":1710246906857,"url":"http://localhost:3000/api/books/1","name":"Get Book By Id","description":"","method":"GET","body":{},"parameters":[],"headers":[{"name":"User-Agent","value":"insomnia/8.6.1"}],"authentication":{"type":"bearer","token":"eyJhbGciOiJIUzI1NiIsInR5cCI6IkpXVCJ9.eyJ1c2VySWQiOjEsImlhdCI6MTcxMDI0NDMxNCwiZXhwIjoxNzQxODAxOTE0fQ.-pXDk9W5yDdpirheK-9lhZtjXDkcAEj_EYyVWR9Z1L4"},"metaSortKey":-1710247334011,"isPrivate":false,"pathParameters":[],"settingStoreCookies":true,"settingSendCookies":true,"settingDisableRenderRequestBody":false,"settingEncodeUrl":true,"settingRebuildPath":true,"settingFollowRedirects":"global","_type":"request"},{"_id":"req_e50d41729b1442ec9e1414c653519e44","parentId":"fld_04ef4a49b4274855b53baed4a470a1f9","modified":1710252475033,"created":1709537414005,"url":"http://localhost:3000/api/books","name":"Get all books","description":"","method":"GET","body":{},"parameters":[],"headers":[{"name":"User-Agent","value":"insomnia/8.6.1"}],"authentication":{"type":"bearer","token":"eyJhbGciOiJIUzI1NiIsInR5cCI6IkpXVCJ9.eyJ1c2VySWQiOjEsImlhdCI6MTcxMDI0NDMxNCwiZXhwIjoxNzQxODAxOTE0fQ.-pXDk9W5yDdpirheK-9lhZtjXDkcAEj_EYyVWR9Z1L4"},"metaSortKey":-1710247333911,"isPrivate":false,"pathParameters":[],"settingStoreCookies":true,"settingSendCookies":true,"settingDisableRenderRequestBody":false,"settingEncodeUrl":true,"settingRebuildPath":true,"settingFollowRedirects":"global","_type":"request"},{"_id":"req_72a1652925564395aef8b8a68703695b","parentId":"fld_04ef4a49b4274855b53baed4a470a1f9","modified":1710254994362,"created":1710254493162,"url":"http://localhost:3000/api/books/?title=mo","name":"find book by title \"mo\"","description":"","method":"GET","body":{},"parameters":[],"headers":[{"name":"User-Agent","value":"insomnia/8.6.1"}],"authentication":{"type":"bearer","token":"eyJhbGciOiJIUzI1NiIsInR5cCI6IkpXVCJ9.eyJ1c2VySWQiOjEsImlhdCI6MTcxMDI0NDMxNCwiZXhwIjoxNzQxODAxOTE0fQ.-pXDk9W5yDdpirheK-9lhZtjXDkcAEj_EYyVWR9Z1L4"},"metaSortKey":-1710245773379.5,"isPrivate":false,"pathParameters":[],"settingStoreCookies":true,"settingSendCookies":true,"settingDisableRenderRequestBody":false,"settingEncodeUrl":true,"settingRebuildPath":true,"settingFollowRedirects":"global","_type":"request"},{"_id":"req_81430e4caa13461ca21f5cc18e1b967d","parentId":"wrk_scratchpad","modified":1710244311221,"created":1710244212848,"url":"http://localhost:3000/api/login","name":"Login","description":"","method":"POST","body":{"mimeType":"application/json","text":"{\n\t\"username\": \"etml\",\n\t\"password\": \"etml\"\n}"},"parameters":[],"headers":[{"name":"Content-Type","value":"application/json"},{"name":"User-Agent","value":"insomnia/8.6.1"}],"authentication":{},"metaSortKey":-1710244212848,"isPrivate":false,"pathParameters":[],"settingStoreCookies":true,"settingSendCookies":true,"settingDisableRenderRequestBody":false,"settingEncodeUrl":true,"settingRebuildPath":true,"settingFollowRedirects":"global","_type":"request"},{"_id":"env_99d30891da4bdcebc63947a8fc17f076de878684","parentId":"wrk_scratchpad","modified":1709365028391,"created":1709365028391,"name":"Base Environment","data":{},"dataPropertyOrder":null,"color":null,"isPrivate":false,"metaSortKey":1709365028391,"_type":"environment"},{"_id":"jar_99d30891da4bdcebc63947a8fc17f076de878684","parentId":"wrk_scratchpad","modified":1709365028394,"created":1709365028394,"name":"Default Jar","cookies":[],"_type":"cookie_jar"}]}